topic,description
Machine Learning,"Algorithms and systems that enable computers to learn patterns from data and make predictions or decisions without explicit programming."
Deep Learning,"Advanced machine learning methods using neural networks with many layers for complex pattern recognition."
Natural Language Processing,"Techniques for processing and understanding human language using computational models."
Computer Vision,"Analyzing and interpreting visual information from images and videos."
Data Mining,"Extracting useful patterns, trends, and insights from large datasets."
Big Data,"Technologies and methods for managing and analyzing massive volumes of structured and unstructured data."
Cloud Computing,"Distributed computing systems providing scalable resources and services over the Internet."
Edge Computing,"Processing data near the data source to reduce latency and improve performance."
Internet of Things,"Interconnected devices that collect and exchange data through the Internet."
Cybersecurity,"Protecting computer systems, networks, and data from digital attacks or unauthorized access."
Software Engineering,"Designing, developing, testing, and maintaining software systems and applications."
Database Systems,"Design, management, and optimization of data storage and retrieval systems."
Information Retrieval,"Techniques for searching and extracting relevant information from large document collections."
Optimization,"Mathematical and computational methods for improving efficiency and performance of systems or algorithms."
Computer Networks,"Design and analysis of systems that allow communication and data exchange between computers."
Artificial Intelligence,"Developing intelligent systems capable of reasoning, learning, and problem solving."
Human-Computer Interaction,"Design and study of interfaces that facilitate effective interaction between humans and computers."
Operating Systems,"Software that manages hardware resources and provides common services for computer programs."
Computer Graphics,"Techniques for generating, rendering, and manipulating visual content using computers."
Software Architecture,"Design principles and structures that define high-level organization of software systems."
